id;apellido;fechaHora
CITA-001;Jiménez;2025-03-11T16:44
CITA-002;García;2025-03-29T09:38
CITA-003;Ruiz;2025-03-04T08:02
CITA-004;Sánchez;2025-03-28T10:32
CITA-005;Sánchez;2025-03-22T08:29
CITA-006;Jiménez;2025-03-09T11:33
CITA-007;Castillo;2025-03-19T18:58
CITA-008;Ramírez;2025-03-22T08:36
CITA-009;Jiménez;2025-03-18T18:47
CITA-010;Díaz;2025-03-21T18:24
CITA-011;Medina;2025-03-20T09:37
CITA-012;Pérez;2025-03-13T09:35
CITA-013;Ramírez;2025-03-05T12:20
CITA-014;Torres;2025-03-02T10:10
CITA-015;Cruz;2025-03-23T13:03
CITA-016;Ramírez;2025-03-23T12:01
CITA-017;Morales;2025-03-28T13:19
CITA-018;Reyes;2025-03-05T13:41
CITA-019;Cruz;2025-03-03T09:53
CITA-020;Guerrero;2025-03-14T18:33
CITA-021;García;2025-03-23T08:02
CITA-022;Ramírez;2025-03-23T16:24
CITA-023;Torres;2025-03-20T09:36
CITA-024;López;2025-03-21T11:03
CITA-025;Flores;2025-03-03T11:28
CITA-026;García;2025-03-29T18:49
CITA-027;Castillo;2025-03-07T11:26
CITA-028;Romero;2025-03-27T17:04
CITA-029;Naranjo;2025-03-15T12:30
CITA-030;Gutiérrez;2025-03-18T14:39
CITA-031;Sánchez;2025-03-11T10:43
CITA-032;Martínez;2025-03-08T11:03
CITA-033;Cruz;2025-03-13T14:32
CITA-034;Cedeño;2025-03-18T18:08
CITA-035;Reyes;2025-03-15T11:13
CITA-036;Castillo;2025-03-15T10:23
CITA-037;Morales;2025-03-18T08:53
CITA-038;Ramírez;2025-03-04T14:35
CITA-039;Gómez;2025-03-18T17:19
CITA-040;Jiménez;2025-03-10T12:21
CITA-041;González;2025-03-07T18:50
CITA-042;Romero;2025-03-23T16:09
CITA-043;Medina;2025-03-06T10:14
CITA-044;Hernández;2025-03-17T09:21
CITA-045;Díaz;2025-03-24T11:22
CITA-046;Guerrero;2025-03-18T15:19
CITA-047;Vargas;2025-03-07T15:45
CITA-048;Díaz;2025-03-16T10:33
CITA-049;Guerrero;2025-03-15T09:59
CITA-050;Medina;2025-03-17T09:54
CITA-051;Flores;2025-03-03T12:08
CITA-052;Medina;2025-03-15T16:31
CITA-053;González;2025-03-23T08:13
CITA-054;Torres;2025-03-28T13:25
CITA-055;Medina;2025-03-10T11:43
CITA-056;Pérez;2025-03-19T09:23
CITA-057;López;2025-03-05T08:13
CITA-058;González;2025-03-30T10:37
CITA-059;Cedeño;2025-03-28T14:39
CITA-060;Ramírez;2025-03-31T08:30
CITA-061;Sánchez;2025-03-23T13:10
CITA-062;Chávez;2025-03-30T18:11
CITA-063;García;2025-03-06T09:45
CITA-064;Gómez;2025-03-02T15:15
CITA-065;Medina;2025-03-01T14:31
CITA-066;Torres;2025-03-01T10:16
CITA-067;González;2025-03-11T13:47
CITA-068;Flores;2025-03-29T17:00
CITA-069;Chávez;2025-03-14T17:39
CITA-070;Sánchez;2025-03-20T08:22
CITA-071;Ramírez;2025-03-07T09:57
CITA-072;Rivera;2025-03-22T11:08
CITA-073;Reyes;2025-03-31T10:18
CITA-074;Ruiz;2025-03-04T08:17
CITA-075;López;2025-03-13T18:13
CITA-076;Ortiz;2025-03-03T17:06
CITA-077;García;2025-03-13T11:13
CITA-078;Gutiérrez;2025-03-13T08:38
CITA-079;González;2025-03-08T08:14
CITA-080;Romero;2025-03-11T09:20
CITA-081;Naranjo;2025-03-31T13:49
CITA-082;Torres;2025-03-11T09:41
CITA-083;Sánchez;2025-03-05T13:53
CITA-084;Gómez;2025-03-24T12:56
CITA-085;Ramírez;2025-03-18T18:26
CITA-086;Flores;2025-03-27T18:36
CITA-087;Rodríguez;2025-03-31T10:33
CITA-088;Flores;2025-03-17T10:37
CITA-089;Hernández;2025-03-19T15:49
CITA-090;Gutiérrez;2025-03-29T10:52
CITA-091;Castillo;2025-03-30T18:22
CITA-092;Gutiérrez;2025-03-28T16:06
CITA-093;Guerrero;2025-03-27T18:21
CITA-094;Cedeño;2025-03-13T12:46
CITA-095;Ruiz;2025-03-10T14:28
CITA-096;Díaz;2025-03-22T09:25
CITA-097;Díaz;2025-03-22T14:25
CITA-098;Pérez;2025-03-02T08:10
CITA-099;Torres;2025-03-16T14:56
CITA-100;Naranjo;2025-03-18T11:40
